{
  "slope": -172902.67425342445,
  "intercept": 1.3326420936387309E+6
}