labels,dry_density_gcm3,dry_volume_fl,avg_buoyant_mass_h2o,avg_buoyant_mass_d2o,avg_density_h2o_gcm3,avg_density_d2o_gcm3
Rep1_low,1.55742476007474,135.062278760402,72.4224427993643,57.8530318452088,1.02120958982843,1.12908138858581
Rep2_low,1.51361768948203,146.679374096601,72.2261118572866,56.4035439328794,1.02120958982843,1.12908138858581
Rep1_high,1.36360752057763,71.9820052125364,24.6464896359504,16.8816612555109,1.02120958982843,1.12908138858581
Rep2_high,1.42649987856204,56.7776728712121,23.0114394315961,16.8867297297203,1.02120958982843,1.12908138858581
