{
  "slope": -173443.03928371333,
  "intercept": 1.3331737669005E+6
}