label,h2o_buoyant_mass_pg,d2o_buoyant_mass_pg,h2o_media_density_gcm3,d2o_media_density_gcm3,dry_density,dry_volume
high1,57.2711105257363,48.1418251253636,1.02805208236869,1.079659734724,1.35180442796784,176.897901449168
high2,59.2989389331893,52.4608227652814,1.02805208236869,1.07938596883358,1.47321050377293,133.208619857469
high3,60.2382453696231,52.1037357442113,1.02805208236869,1.07898825334305,1.40524821423599,159.700061268958
high4,61.7373665344303,51.7020433334731,1.02805208236869,1.07909262285747,1.34205378347692,196.614751819925
low1,74.8922125609967,62.6566780660697,1.02805208236869,1.07909229221662,1.3404629743223,239.723436313855
low2,76.3989099978496,58.3548470151734,1.02805208236869,1.0787810691667,1.242839588951,355.695315865921
low3,75.3368385610174,58.4996182255842,1.02805208236869,1.07552310895729,1.24045751480846,354.68414199989
low4,74.9977880466428,63.4017219029289,1.02805208236869,1.07775494899728,1.34950635923505,233.307793499418
