labels,dry_density_gcm3,dry_volume_fl,avg_buoyant_mass_h2o,avg_buoyant_mass_d2o,avg_density_h2o_gcm3,avg_density_d2o_gcm3
Rep1_low,1.37785482978604,248.723997406496,89.030754935409,63.2525654793573,1.01990482952972,1.1235465759026
Rep2_low,1.42952971458885,209.905951757133,85.982701361742,64.2276819475723,1.01990482952972,1.1235465759026
Rep1_high,1.45778905956931,165.578911181401,72.5043940334621,55.3435065161025,1.01990482952972,1.1235465759026
Rep2_high,1.54605581349235,127.612738812899,67.1435680925732,53.9175609825788,1.01990482952972,1.1235465759026
Rep1-p,1.45853497392021,203.592339939607,89.301737464508,68.2010718050271,1.01990482952972,1.1235465759026
Rep2-p,1.54330946936655,175.581314849806,91.90007486104,73.7025207595605,1.01990482952972,1.1235465759026
Rep1_-n,1.59602851764478,157.024488679805,90.4655275425907,74.1912353125079,1.01990482952972,1.1235465759026
Rep2_-n,1.58534040278814,159.503845432084,90.1891482788127,73.6578911850424,1.01990482952972,1.1235465759026
