labels,dry_density_gcm3,dry_volume_fl,avg_buoyant_mass_h2o,avg_buoyant_mass_d2o,avg_density_h2o_gcm3,avg_density_d2o_gcm3
Rep1_low,1.54732774774245,131.264247958651,68.5725894057778,54.9294603676547,1.02492663340873,1.1288630003197
Rep2_low,1.61012546508473,115.888784848259,67.8179814975525,55.7729222346971,1.02492663340873,1.1288630003197
Rep3_low,1.58270454486326,122.224029846481,68.1738640973266,55.4703424858651,1.02492663340873,1.1288630003197
Rep1_high,1.35123079849595,81.9240310601271,26.7321525556541,18.2172664045628,1.02492663340873,1.1288630003197
Rep2_high,1.33621602600122,87.1701274243332,27.1351360181307,18.0749896704791,1.02492663340873,1.1288630003197
Rep3_high,1.39761984932257,71.2943487372919,26.5709201073843,19.1608445183464,1.02492663340873,1.1288630003197
