{
  "slope": -173827.65418493625,
  "intercept": 1.3335825385449056E+6
}