{
  "slope": -173301.47335293074,
  "intercept": 1.3330299331101568E+6
}